time,pd_4,pd_7,pd_8,pm_1,pm_2,pm_3,pm_4,pm_5,pm_6,pm_7,pm_8,pm_9,pm_10,pm_11,pm_12,pm_13,pm_14,pm_15,pm_16,mocap_1,mocap_2,mocap_3,mocap_4,mocap_5,mocap_6,mocap_7,mocap_8,mocap_9,mocap_10,mocap_11,mocap_12,mocap_13,mocap_14,mocap_15,mocap_16,mocap_17,mocap_18,mocap_19,mocap_20,mocap_21
0.002395,0.000,0.000,0.000,0.000,0.000,0.000,0.000,0.000,0.000,0.000,0.000,0.000,0.000,0.000,0.000,0.000,0.000,0.000,0.000,0.000000,0.000000,0.000000,0.000000,0.000000,0.000000,0.000000,0.000000,0.000000,0.000000,0.000000,0.000000,0.000000,0.000000,0.000000,0.000000,0.000000,0.000000,0.000000,0.000000,0.000000
0.013089,0.000,0.000,0.000,0.000,0.000,0.000,0.000,0.000,0.000,0.000,0.000,0.000,0.000,0.000,0.000,0.000,0.000,0.000,0.000,0.000000,0.000000,0.000000,0.000000,0.000000,0.000000,0.000000,0.000000,0.000000,0.000000,0.000000,0.000000,0.000000,0.000000,0.000000,0.000000,0.000000,0.000000,0.000000,0.000000,0.000000
0.023386,0.000,0.000,0.000,0.000,0.000,0.000,0.000,0.000,0.000,0.000,0.000,0.000,0.000,0.000,0.000,0.000,0.000,0.000,0.000,0.000000,0.000000,0.000000,0.000000,0.000000,0.000000,0.000000,0.000000,0.000000,0.000000,0.000000,0.000000,0.000000,0.000000,0.000000,0.000000,0.000000,0.000000,0.000000,0.000000,0.000000
0.033715,0.000,0.000,0.000,0.000,0.000,0.000,0.000,0.000,0.000,0.000,0.000,0.000,0.000,0.000,0.000,0.000,0.000,0.000,0.000,0.000000,0.000000,0.000000,0.000000,0.000000,0.000000,0.000000,0.000000,0.000000,0.000000,0.000000,0.000000,0.000000,0.000000,0.000000,0.000000,0.000000,0.000000,0.000000,0.000000,0.000000
0.044041,0.000,0.000,0.000,0.000,0.000,0.000,0.000,0.000,0.000,0.000,0.000,0.000,0.000,0.000,0.000,0.000,0.000,0.000,0.000,0.000000,0.000000,0.000000,0.000000,0.000000,0.000000,0.000000,0.000000,0.000000,0.000000,0.000000,0.000000,0.000000,0.000000,0.000000,0.000000,0.000000,0.000000,0.000000,0.000000,0.000000
0.054393,0.000,0.000,0.000,0.294,0.321,0.324,0.339,0.000,0.000,0.000,0.000,0.000,0.000,0.000,0.000,0.000,0.000,0.000,0.000,0.000000,0.000000,0.000000,0.000000,0.000000,0.000000,0.000000,0.000000,0.000000,0.000000,0.000000,0.000000,0.000000,0.000000,0.000000,0.000000,0.000000,0.000000,0.000000,0.000000,0.000000
0.064583,0.000,0.000,0.000,0.294,0.321,0.324,0.339,0.000,0.000,0.000,0.000,0.000,0.000,0.000,0.000,0.000,0.000,0.000,0.000,0.000000,0.000000,0.000000,0.000000,0.000000,0.000000,0.000000,0.000000,0.000000,0.000000,0.000000,0.000000,0.000000,0.000000,0.000000,0.000000,0.000000,0.000000,0.000000,0.000000,0.000000
0.074759,0.000,0.000,0.000,0.294,0.321,0.324,0.339,0.000,0.000,0.000,0.000,0.000,0.000,0.000,0.000,0.000,0.000,0.000,0.000,0.000000,0.000000,0.000000,0.000000,0.000000,0.000000,0.000000,0.000000,0.000000,0.000000,0.000000,0.000000,0.000000,0.000000,0.000000,0.000000,0.000000,0.000000,0.000000,0.000000,0.000000
0.084964,0.000,0.000,0.000,0.294,0.321,0.324,0.339,0.000,0.000,0.000,0.000,0.000,0.000,0.000,0.000,0.000,0.000,0.000,0.000,0.000000,0.000000,0.000000,0.000000,0.000000,0.000000,0.000000,0.000000,0.000000,0.000000,0.000000,0.000000,0.000000,0.000000,0.000000,0.000000,0.000000,0.000000,0.000000,0.000000,0.000000
0.095173,0.000,0.000,0.000,0.294,0.321,0.324,0.339,0.013,0.031,-0.046,0.034,0.000,0.000,0.000,0.000,0.000,0.000,0.000,0.000,0.000000,0.000000,0.000000,0.000000,0.000000,0.000000,0.000000,0.000000,0.000000,0.000000,0.000000,0.000000,0.000000,0.000000,0.000000,0.000000,0.000000,0.000000,0.000000,0.000000,0.000000
0.105356,0.000,0.000,0.000,0.294,0.321,0.324,0.339,0.013,0.031,-0.046,0.034,0.000,0.000,0.000,0.000,0.000,0.000,0.000,0.000,0.000000,0.000000,0.000000,0.000000,0.000000,0.000000,0.000000,0.000000,0.000000,0.000000,0.000000,0.000000,0.000000,0.000000,0.000000,0.000000,0.000000,0.000000,0.000000,0.000000,0.000000
0.115516,0.000,0.000,0.000,0.294,0.321,0.324,0.339,0.013,0.031,-0.046,0.034,0.000,0.000,0.000,0.000,0.000,0.000,0.000,0.000,0.000000,0.000000,0.000000,0.000000,0.000000,0.000000,0.000000,0.000000,0.000000,0.000000,0.000000,0.000000,0.000000,0.000000,0.000000,0.000000,0.000000,0.000000,0.000000,0.000000,0.000000
0.125755,0.000,0.000,0.000,0.294,0.321,0.324,0.339,0.013,0.031,-0.046,0.034,0.000,0.000,0.000,0.000,0.000,0.000,0.000,0.000,0.000000,0.000000,0.000000,0.000000,0.000000,0.000000,0.000000,0.000000,0.000000,0.000000,0.000000,0.000000,0.000000,0.000000,0.000000,0.000000,0.000000,0.000000,0.000000,0.000000,0.000000
0.136104,0.000,0.000,0.000,0.294,0.321,0.324,0.339,0.013,0.031,-0.046,0.034,0.009,0.002,-0.026,-0.035,0.000,0.000,0.000,0.000,0.000000,0.000000,0.000000,0.000000,0.000000,0.000000,0.000000,0.000000,0.000000,0.000000,0.000000,0.000000,0.000000,0.000000,0.000000,0.000000,0.000000,0.000000,0.000000,0.000000,0.000000
0.146397,0.665,0.000,0.000,0.294,0.321,0.324,0.339,0.013,0.031,-0.046,0.034,0.009,0.002,-0.026,-0.035,0.000,0.000,0.000,0.000,0.000000,0.000000,0.000000,0.000000,0.000000,0.000000,0.000000,0.000000,0.000000,0.000000,0.000000,0.000000,0.000000,0.000000,0.000000,0.000000,0.000000,0.000000,0.000000,0.000000,0.000000
0.156541,0.665,0.000,0.000,0.294,0.321,0.324,0.339,0.013,0.031,-0.046,0.034,0.009,0.002,-0.026,-0.035,0.000,0.000,0.000,0.000,0.000000,0.000000,0.000000,0.000000,0.000000,0.000000,0.000000,0.000000,0.000000,0.000000,0.000000,0.000000,0.000000,0.000000,0.000000,0.000000,0.000000,0.000000,0.000000,0.000000,0.000000
0.166672,0.665,0.000,0.000,0.294,0.321,0.324,0.339,0.013,0.031,-0.046,0.034,0.009,0.002,-0.026,-0.035,0.000,0.000,0.000,0.000,0.000000,0.000000,0.000000,0.000000,0.000000,0.000000,0.000000,0.000000,0.000000,0.000000,0.000000,0.000000,0.000000,0.000000,0.000000,0.000000,0.000000,0.000000,0.000000,0.000000,0.000000
0.176843,0.665,0.000,0.000,0.294,0.321,0.324,0.339,0.013,0.031,-0.046,0.034,0.009,0.002,-0.026,-0.035,0.000,0.000,0.000,0.000,0.000000,0.000000,0.000000,0.000000,0.000000,0.000000,0.000000,0.000000,0.000000,0.000000,0.000000,0.000000,0.000000,0.000000,0.000000,0.000000,0.000000,0.000000,0.000000,0.000000,0.000000
0.187026,0.665,0.000,0.000,0.331,0.331,0.328,0.330,0.013,0.031,-0.046,0.034,0.009,0.002,-0.026,-0.035,0.000,0.000,0.000,0.000,0.000000,0.000000,0.000000,0.000000,0.000000,0.000000,0.000000,0.000000,0.000000,0.000000,0.000000,0.000000,0.000000,0.000000,0.000000,0.000000,0.000000,0.000000,0.000000,0.000000,0.000000
0.197196,0.665,0.000,0.000,0.331,0.331,0.328,0.330,0.013,0.031,-0.046,0.034,0.009,0.002,-0.026,-0.035,0.000,0.000,0.000,0.000,0.000000,0.000000,0.000000,0.000000,0.000000,0.000000,0.000000,0.000000,0.000000,0.000000,0.000000,0.000000,0.000000,0.000000,0.000000,0.000000,0.000000,0.000000,0.000000,0.000000,0.000000
0.207377,0.665,0.000,0.000,0.331,0.331,0.328,0.330,0.013,0.031,-0.046,0.034,0.009,0.002,-0.026,-0.035,0.000,0.000,0.000,0.000,0.000000,0.000000,0.000000,0.000000,0.000000,0.000000,0.000000,0.000000,0.000000,0.000000,0.000000,0.000000,0.000000,0.000000,0.000000,0.000000,0.000000,0.000000,0.000000,0.000000,0.000000
0.217544,0.665,0.000,0.000,0.331,0.331,0.328,0.330,0.013,0.031,-0.046,0.034,0.009,0.002,-0.026,-0.035,0.000,0.000,0.000,0.000,0.000000,0.000000,0.000000,0.000000,0.000000,0.000000,0.000000,0.000000,0.000000,0.000000,0.000000,0.000000,0.000000,0.000000,0.000000,0.000000,0.000000,0.000000,0.000000,0.000000,0.000000
0.227824,0.665,0.000,0.000,0.331,0.331,0.328,0.330,0.013,0.034,-0.044,0.036,0.009,0.002,-0.026,-0.035,0.000,0.000,0.000,0.000,0.000000,0.000000,0.000000,0.000000,0.000000,0.000000,0.000000,0.000000,0.000000,0.000000,0.000000,0.000000,0.000000,0.000000,0.000000,0.000000,0.000000,0.000000,0.000000,0.000000,0.000000
0.238238,0.665,0.000,0.000,0.331,0.331,0.328,0.330,0.013,0.034,-0.044,0.036,0.009,0.002,-0.026,-0.035,0.000,0.000,0.000,0.000,0.000000,0.000000,0.000000,0.000000,0.000000,0.000000,0.000000,0.000000,0.000000,0.000000,0.000000,0.000000,0.000000,0.000000,0.000000,0.000000,0.000000,0.000000,0.000000,0.000000,0.000000
0.248736,0.665,0.000,0.000,0.331,0.331,0.328,0.330,0.013,0.034,-0.044,0.036,0.009,0.002,-0.026,-0.035,0.000,0.000,0.000,0.000,0.000000,0.000000,0.000000,0.000000,0.000000,0.000000,0.000000,0.000000,0.000000,0.000000,0.000000,0.000000,0.000000,0.000000,0.000000,0.000000,0.000000,0.000000,0.000000,0.000000,0.000000
0.259150,0.665,0.000,0.000,0.331,0.331,0.328,0.330,0.013,0.034,-0.044,0.036,0.009,0.002,-0.026,-0.035,0.000,0.000,0.000,0.000,0.000000,0.000000,0.000000,0.000000,0.000000,0.000000,0.000000,0.000000,0.000000,0.000000,0.000000,0.000000,0.000000,0.000000,0.000000,0.000000,0.000000,0.000000,0.000000,0.000000,0.000000
0.269520,0.665,0.000,0.000,0.331,0.331,0.328,0.330,0.013,0.034,-0.044,0.036,0.010,0.003,-0.026,-0.032,0.000,0.000,0.000,0.000,0.000000,0.000000,0.000000,0.000000,0.000000,0.000000,0.000000,0.000000,0.000000,0.000000,0.000000,0.000000,0.000000,0.000000,0.000000,0.000000,0.000000,0.000000,0.000000,0.000000,0.000000
0.279922,1.330,0.000,0.000,0.331,0.331,0.328,0.330,0.013,0.034,-0.044,0.036,0.010,0.003,-0.026,-0.032,0.000,0.000,0.000,0.000,0.000000,0.000000,0.000000,0.000000,0.000000,0.000000,0.000000,0.000000,0.000000,0.000000,0.000000,0.000000,0.000000,0.000000,0.000000,0.000000,0.000000,0.000000,0.000000,0.000000,0.000000
0.290322,1.330,0.000,0.000,0.331,0.331,0.328,0.330,0.013,0.034,-0.044,0.036,0.010,0.003,-0.026,-0.032,0.000,0.000,0.000,0.000,0.000000,0.000000,0.000000,0.000000,0.000000,0.000000,0.000000,0.000000,0.000000,0.000000,0.000000,0.000000,0.000000,0.000000,0.000000,0.000000,0.000000,0.000000,0.000000,0.000000,0.000000
0.300655,1.330,0.000,0.000,0.331,0.331,0.328,0.330,0.013,0.034,-0.044,0.036,0.010,0.003,-0.026,-0.032,0.000,0.000,0.000,0.000,0.000000,0.000000,0.000000,0.000000,0.000000,0.000000,0.000000,0.000000,0.000000,0.000000,0.000000,0.000000,0.000000,0.000000,0.000000,0.000000,0.000000,0.000000,0.000000,0.000000,0.000000
0.311062,1.330,0.000,0.000,0.331,0.331,0.328,0.330,0.013,0.034,-0.044,0.036,0.010,0.003,-0.026,-0.032,0.000,0.000,0.000,0.000,0.000000,0.000000,0.000000,0.000000,0.000000,0.000000,0.000000,0.000000,0.000000,0.000000,0.000000,0.000000,0.000000,0.000000,0.000000,0.000000,0.000000,0.000000,0.000000,0.000000,0.000000
0.321436,1.330,0.000,0.000,0.332,0.332,0.334,0.332,0.013,0.034,-0.044,0.036,0.010,0.003,-0.026,-0.032,0.000,0.000,0.000,0.000,0.000000,0.000000,0.000000,0.000000,0.000000,0.000000,0.000000,0.000000,0.000000,0.000000,0.000000,0.000000,0.000000,0.000000,0.000000,0.000000,0.000000,0.000000,0.000000,0.000000,0.000000
0.331709,1.330,0.000,0.000,0.332,0.332,0.334,0.332,0.013,0.034,-0.044,0.036,0.010,0.003,-0.026,-0.032,0.000,0.000,0.000,0.000,0.000000,0.000000,0.000000,0.000000,0.000000,0.000000,0.000000,0.000000,0.000000,0.000000,0.000000,0.000000,0.000000,0.000000,0.000000,0.000000,0.000000,0.000000,0.000000,0.000000,0.000000
0.342079,1.330,0.000,0.000,0.332,0.332,0.334,0.332,0.013,0.034,-0.044,0.036,0.010,0.003,-0.026,-0.032,0.000,0.000,0.000,0.000,0.000000,0.000000,0.000000,0.000000,0.000000,0.000000,0.000000,0.000000,0.000000,0.000000,0.000000,0.000000,0.000000,0.000000,0.000000,0.000000,0.000000,0.000000,0.000000,0.000000,0.000000
0.352535,1.330,0.000,0.000,0.332,0.332,0.334,0.332,0.015,0.031,-0.046,0.034,0.010,0.003,-0.026,-0.032,0.000,0.000,0.000,0.000,0.000000,0.000000,0.000000,0.000000,0.000000,0.000000,0.000000,0.000000,0.000000,0.000000,0.000000,0.000000,0.000000,0.000000,0.000000,0.000000,0.000000,0.000000,0.000000,0.000000,0.000000
0.362943,1.330,0.000,0.000,0.332,0.332,0.334,0.332,0.015,0.031,-0.046,0.034,0.010,0.003,-0.026,-0.032,0.000,0.000,0.000,0.000,0.000000,0.000000,0.000000,0.000000,0.000000,0.000000,0.000000,0.000000,0.000000,0.000000,0.000000,0.000000,0.000000,0.000000,0.000000,0.000000,0.000000,0.000000,0.000000,0.000000,0.000000
0.373312,1.330,0.000,0.000,0.332,0.332,0.334,0.332,0.015,0.031,-0.046,0.034,0.010,0.003,-0.026,-0.032,0.000,0.000,0.000,0.000,0.000000,0.000000,0.000000,0.000000,0.000000,0.000000,0.000000,0.000000,0.000000,0.000000,0.000000,0.000000,0.000000,0.000000,0.000000,0.000000,0.000000,0.000000,0.000000,0.000000,0.000000
0.383524,1.330,0.000,0.000,0.332,0.332,0.334,0.332,0.015,0.031,-0.046,0.034,0.010,0.003,-0.026,-0.032,0.000,0.000,0.000,0.000,0.000000,0.000000,0.000000,0.000000,0.000000,0.000000,0.000000,0.000000,0.000000,0.000000,0.000000,0.000000,0.000000,0.000000,0.000000,0.000000,0.000000,0.000000,0.000000,0.000000,0.000000
0.393681,1.330,0.000,0.000,0.332,0.332,0.334,0.332,0.015,0.031,-0.046,0.034,0.009,0.002,-0.026,-0.035,0.000,0.000,0.000,0.000,0.000000,0.000000,0.000000,0.000000,0.000000,0.000000,0.000000,0.000000,0.000000,0.000000,0.000000,0.000000,0.000000,0.000000,0.000000,0.000000,0.000000,0.000000,0.000000,0.000000,0.000000
0.403867,1.993,0.000,0.000,0.332,0.332,0.334,0.332,0.015,0.031,-0.046,0.034,0.009,0.002,-0.026,-0.035,0.000,0.000,0.000,0.000,0.000000,0.000000,0.000000,0.000000,0.000000,0.000000,0.000000,0.000000,0.000000,0.000000,0.000000,0.000000,0.000000,0.000000,0.000000,0.000000,0.000000,0.000000,0.000000,0.000000,0.000000
0.414055,1.993,0.000,0.000,0.332,0.332,0.334,0.332,0.015,0.031,-0.046,0.034,0.009,0.002,-0.026,-0.035,0.000,0.000,0.000,0.000,0.000000,0.000000,0.000000,0.000000,0.000000,0.000000,0.000000,0.000000,0.000000,0.000000,0.000000,0.000000,0.000000,0.000000,0.000000,0.000000,0.000000,0.000000,0.000000,0.000000,0.000000
0.424234,1.993,0.000,0.000,0.332,0.332,0.334,0.332,0.015,0.031,-0.046,0.034,0.009,0.002,-0.026,-0.035,0.000,0.000,0.000,0.000,0.000000,0.000000,0.000000,0.000000,0.000000,0.000000,0.000000,0.000000,0.000000,0.000000,0.000000,0.000000,0.000000,0.000000,0.000000,0.000000,0.000000,0.000000,0.000000,0.000000,0.000000
0.434571,1.993,0.000,0.000,0.332,0.332,0.334,0.332,0.015,0.031,-0.046,0.034,0.009,0.002,-0.026,-0.035,0.000,0.000,0.000,0.000,0.000000,0.000000,0.000000,0.000000,0.000000,0.000000,0.000000,0.000000,0.000000,0.000000,0.000000,0.000000,0.000000,0.000000,0.000000,0.000000,0.000000,0.000000,0.000000,0.000000,0.000000
0.444809,1.993,0.000,0.000,0.328,0.335,0.331,0.337,0.015,0.031,-0.046,0.034,0.009,0.002,-0.026,-0.035,0.000,0.000,0.000,0.000,0.000000,0.000000,0.000000,0.000000,0.000000,0.000000,0.000000,0.000000,0.000000,0.000000,0.000000,0.000000,0.000000,0.000000,0.000000,0.000000,0.000000,0.000000,0.000000,0.000000,0.000000
0.455029,1.993,0.000,0.000,0.328,0.335,0.331,0.337,0.015,0.031,-0.046,0.034,0.009,0.002,-0.026,-0.035,0.000,0.000,0.000,0.000,0.000000,0.000000,0.000000,0.000000,0.000000,0.000000,0.000000,0.000000,0.000000,0.000000,0.000000,0.000000,0.000000,0.000000,0.000000,0.000000,0.000000,0.000000,0.000000,0.000000,0.000000
0.465176,1.993,0.000,0.000,0.328,0.335,0.331,0.337,0.015,0.031,-0.046,0.034,0.009,0.002,-0.026,-0.035,0.000,0.000,0.000,0.000,0.000000,0.000000,0.000000,0.000000,0.000000,0.000000,0.000000,0.000000,0.000000,0.000000,0.000000,0.000000,0.000000,0.000000,0.000000,0.000000,0.000000,0.000000,0.000000,0.000000,0.000000
0.475357,1.993,0.000,0.000,0.328,0.335,0.331,0.337,0.015,0.031,-0.046,0.034,0.009,0.002,-0.026,-0.035,0.000,0.000,0.000,0.000,0.000000,0.000000,0.000000,0.000000,0.000000,0.000000,0.000000,0.000000,0.000000,0.000000,0.000000,0.000000,0.000000,0.000000,0.000000,0.000000,0.000000,0.000000,0.000000,0.000000,0.000000
0.485674,1.993,0.000,0.000,0.328,0.335,0.331,0.337,0.019,0.033,-0.046,0.036,0.009,0.002,-0.026,-0.035,0.000,0.000,0.000,0.000,0.000000,0.000000,0.000000,0.000000,0.000000,0.000000,0.000000,0.000000,0.000000,0.000000,0.000000,0.000000,0.000000,0.000000,0.000000,0.000000,0.000000,0.000000,0.000000,0.000000,0.000000
0.495855,1.993,0.000,0.000,0.328,0.335,0.331,0.337,0.019,0.033,-0.046,0.036,0.009,0.002,-0.026,-0.035,0.000,0.000,0.000,0.000,0.000000,0.000000,0.000000,0.000000,0.000000,0.000000,0.000000,0.000000,0.000000,0.000000,0.000000,0.000000,0.000000,0.000000,0.000000,0.000000,0.000000,0.000000,0.000000,0.000000,0.000000
0.506018,1.993,0.000,0.000,0.328,0.335,0.331,0.337,0.019,0.033,-0.046,0.036,0.009,0.002,-0.026,-0.035,0.000,0.000,0.000,0.000,0.000000,0.000000,0.000000,0.000000,0.000000,0.000000,0.000000,0.000000,0.000000,0.000000,0.000000,0.000000,0.000000,0.000000,0.000000,0.000000,0.000000,0.000000,0.000000,0.000000,0.000000
0.516175,1.993,0.000,0.000,0.328,0.335,0.331,0.337,0.019,0.033,-0.046,0.036,0.009,0.002,-0.026,-0.035,0.000,0.000,0.000,0.000,0.000000,0.000000,0.000000,0.000000,0.000000,0.000000,0.000000,0.000000,0.000000,0.000000,0.000000,0.000000,0.000000,0.000000,0.000000,0.000000,0.000000,0.000000,0.000000,0.000000,0.000000
0.526349,1.993,0.000,0.000,0.328,0.335,0.331,0.337,0.019,0.033,-0.046,0.036,0.009,0.002,-0.026,-0.032,0.000,0.000,0.000,0.000,0.000000,0.000000,0.000000,0.000000,0.000000,0.000000,0.000000,0.000000,0.000000,0.000000,0.000000,0.000000,0.000000,0.000000,0.000000,0.000000,0.000000,0.000000,0.000000,0.000000,0.000000
0.536506,2.658,0.000,0.000,0.328,0.335,0.331,0.337,0.019,0.033,-0.046,0.036,0.009,0.002,-0.026,-0.032,0.000,0.000,0.000,0.000,0.000000,0.000000,0.000000,0.000000,0.000000,0.000000,0.000000,0.000000,0.000000,0.000000,0.000000,0.000000,0.000000,0.000000,0.000000,0.000000,0.000000,0.000000,0.000000,0.000000,0.000000
0.546654,2.658,0.000,0.000,0.328,0.335,0.331,0.337,0.019,0.033,-0.046,0.036,0.009,0.002,-0.026,-0.032,0.000,0.000,0.000,0.000,0.000000,0.000000,0.000000,0.000000,0.000000,0.000000,0.000000,0.000000,0.000000,0.000000,0.000000,0.000000,0.000000,0.000000,0.000000,0.000000,0.000000,0.000000,0.000000,0.000000,0.000000
0.556813,2.658,0.000,0.000,0.328,0.335,0.331,0.337,0.019,0.033,-0.046,0.036,0.009,0.002,-0.026,-0.032,0.000,0.000,0.000,0.000,0.000000,0.000000,0.000000,0.000000,0.000000,0.000000,0.000000,0.000000,0.000000,0.000000,0.000000,0.000000,0.000000,0.000000,0.000000,0.000000,0.000000,0.000000,0.000000,0.000000,0.000000
0.566974,2.658,0.000,0.000,0.328,0.335,0.331,0.337,0.019,0.033,-0.046,0.036,0.009,0.002,-0.026,-0.032,0.000,0.000,0.000,0.000,0.000000,0.000000,0.000000,0.000000,0.000000,0.000000,0.000000,0.000000,0.000000,0.000000,0.000000,0.000000,0.000000,0.000000,0.000000,0.000000,0.000000,0.000000,0.000000,0.000000,0.000000
0.577114,2.658,0.000,0.000,0.328,0.335,0.331,0.337,0.019,0.033,-0.046,0.036,0.009,0.002,-0.026,-0.032,0.000,0.000,0.000,0.000,0.000000,0.000000,0.000000,0.000000,0.000000,0.000000,0.000000,0.000000,0.000000,0.000000,0.000000,0.000000,0.000000,0.000000,0.000000,0.000000,0.000000,0.000000,0.000000,0.000000,0.000000
0.587318,2.658,0.000,0.000,0.342,0.331,0.334,0.331,0.019,0.033,-0.046,0.036,0.009,0.002,-0.026,-0.032,0.000,0.000,0.000,0.000,0.000000,0.000000,0.000000,0.000000,0.000000,0.000000,0.000000,0.000000,0.000000,0.000000,0.000000,0.000000,0.000000,0.000000,0.000000,0.000000,0.000000,0.000000,0.000000,0.000000,0.000000
0.597473,2.658,0.000,0.000,0.342,0.331,0.334,0.331,0.019,0.033,-0.046,0.036,0.009,0.002,-0.026,-0.032,0.000,0.000,0.000,0.000,0.000000,0.000000,0.000000,0.000000,0.000000,0.000000,0.000000,0.000000,0.000000,0.000000,0.000000,0.000000,0.000000,0.000000,0.000000,0.000000,0.000000,0.000000,0.000000,0.000000,0.000000
0.607632,2.658,0.000,0.000,0.342,0.331,0.334,0.331,0.019,0.033,-0.046,0.036,0.009,0.002,-0.026,-0.032,0.000,0.000,0.000,0.000,0.000000,0.000000,0.000000,0.000000,0.000000,0.000000,0.000000,0.000000,0.000000,0.000000,0.000000,0.000000,0.000000,0.000000,0.000000,0.000000,0.000000,0.000000,0.000000,0.000000,0.000000
0.617800,2.658,0.000,0.000,0.342,0.331,0.334,0.331,0.019,0.033,-0.046,0.036,0.009,0.002,-0.026,-0.032,0.000,0.000,0.000,0.000,0.000000,0.000000,0.000000,0.000000,0.000000,0.000000,0.000000,0.000000,0.000000,0.000000,0.000000,0.000000,0.000000,0.000000,0.000000,0.000000,0.000000,0.000000,0.000000,0.000000,0.000000
0.627964,2.658,0.000,0.000,0.342,0.331,0.334,0.331,0.022,0.030,-0.044,0.033,0.009,0.002,-0.026,-0.032,0.000,0.000,0.000,0.000,0.000000,0.000000,0.000000,0.000000,0.000000,0.000000,0.000000,0.000000,0.000000,0.000000,0.000000,0.000000,0.000000,0.000000,0.000000,0.000000,0.000000,0.000000,0.000000,0.000000,0.000000
0.638099,2.658,0.000,0.000,0.342,0.331,0.334,0.331,0.022,0.030,-0.044,0.033,0.009,0.002,-0.026,-0.032,0.000,0.000,0.000,0.000,0.000000,0.000000,0.000000,0.000000,0.000000,0.000000,0.000000,0.000000,0.000000,0.000000,0.000000,0.000000,0.000000,0.000000,0.000000,0.000000,0.000000,0.000000,0.000000,0.000000,0.000000
0.648255,2.658,0.000,0.000,0.342,0.331,0.334,0.331,0.022,0.030,-0.044,0.033,0.009,0.002,-0.026,-0.032,0.000,0.000,0.000,0.000,0.000000,0.000000,0.000000,0.000000,0.000000,0.000000,0.000000,0.000000,0.000000,0.000000,0.000000,0.000000,0.000000,0.000000,0.000000,0.000000,0.000000,0.000000,0.000000,0.000000,0.000000
0.658492,2.658,0.000,0.000,0.342,0.331,0.334,0.331,0.022,0.030,-0.044,0.033,0.009,0.002,-0.026,-0.032,0.000,0.000,0.000,0.000,0.000000,0.000000,0.000000,0.000000,0.000000,0.000000,0.000000,0.000000,0.000000,0.000000,0.000000,0.000000,0.000000,0.000000,0.000000,0.000000,0.000000,0.000000,0.000000,0.000000,0.000000
0.668734,2.658,0.000,0.000,0.342,0.331,0.334,0.331,0.022,0.030,-0.044,0.033,0.009,0.003,-0.026,-0.035,0.000,0.000,0.000,0.000,0.000000,0.000000,0.000000,0.000000,0.000000,0.000000,0.000000,0.000000,0.000000,0.000000,0.000000,0.000000,0.000000,0.000000,0.000000,0.000000,0.000000,0.000000,0.000000,0.000000,0.000000
0.678907,3.323,0.000,0.000,0.342,0.331,0.334,0.331,0.022,0.030,-0.044,0.033,0.009,0.003,-0.026,-0.035,0.000,0.000,0.000,0.000,0.000000,0.000000,0.000000,0.000000,0.000000,0.000000,0.000000,0.000000,0.000000,0.000000,0.000000,0.000000,0.000000,0.000000,0.000000,0.000000,0.000000,0.000000,0.000000,0.000000,0.000000
0.689058,3.323,0.000,0.000,0.342,0.331,0.334,0.331,0.022,0.030,-0.044,0.033,0.009,0.003,-0.026,-0.035,0.000,0.000,0.000,0.000,0.000000,0.000000,0.000000,0.000000,0.000000,0.000000,0.000000,0.000000,0.000000,0.000000,0.000000,0.000000,0.000000,0.000000,0.000000,0.000000,0.000000,0.000000,0.000000,0.000000,0.000000
0.699223,3.323,0.000,0.000,0.342,0.331,0.334,0.331,0.022,0.030,-0.044,0.033,0.009,0.003,-0.026,-0.035,0.000,0.000,0.000,0.000,0.000000,0.000000,0.000000,0.000000,0.000000,0.000000,0.000000,0.000000,0.000000,0.000000,0.000000,0.000000,0.000000,0.000000,0.000000,0.000000,0.000000,0.000000,0.000000,0.000000,0.000000
0.709491,3.323,0.000,0.000,0.342,0.331,0.334,0.331,0.022,0.030,-0.044,0.033,0.009,0.003,-0.026,-0.035,0.000,0.000,0.000,0.000,0.000000,0.000000,0.000000,0.000000,0.000000,0.000000,0.000000,0.000000,0.000000,0.000000,0.000000,0.000000,0.000000,0.000000,0.000000,0.000000,0.000000,0.000000,0.000000,0.000000,0.000000
0.719924,3.323,0.000,0.000,0.330,0.330,0.332,0.332,0.022,0.030,-0.044,0.033,0.009,0.003,-0.026,-0.035,0.000,0.000,0.000,0.000,0.000000,0.000000,0.000000,0.000000,0.000000,0.000000,0.000000,0.000000,0.000000,0.000000,0.000000,0.000000,0.000000,0.000000,0.000000,0.000000,0.000000,0.000000,0.000000,0.000000,0.000000
0.730323,3.323,0.000,0.000,0.330,0.330,0.332,0.332,0.022,0.030,-0.044,0.033,0.009,0.003,-0.026,-0.035,0.000,0.000,0.000,0.000,0.000000,0.000000,0.000000,0.000000,0.000000,0.000000,0.000000,0.000000,0.000000,0.000000,0.000000,0.000000,0.000000,0.000000,0.000000,0.000000,0.000000,0.000000,0.000000,0.000000,0.000000
0.740746,3.323,0.000,0.000,0.330,0.330,0.332,0.332,0.022,0.030,-0.044,0.033,0.009,0.003,-0.026,-0.035,0.000,0.000,0.000,0.000,0.000000,0.000000,0.000000,0.000000,0.000000,0.000000,0.000000,0.000000,0.000000,0.000000,0.000000,0.000000,0.000000,0.000000,0.000000,0.000000,0.000000,0.000000,0.000000,0.000000,0.000000
0.751130,3.323,0.000,0.000,0.330,0.330,0.332,0.332,0.022,0.030,-0.044,0.033,0.009,0.003,-0.026,-0.035,0.000,0.000,0.000,0.000,0.000000,0.000000,0.000000,0.000000,0.000000,0.000000,0.000000,0.000000,0.000000,0.000000,0.000000,0.000000,0.000000,0.000000,0.000000,0.000000,0.000000,0.000000,0.000000,0.000000,0.000000
0.761574,3.323,0.000,0.000,0.330,0.330,0.332,0.332,0.012,0.031,-0.044,0.036,0.009,0.003,-0.026,-0.035,0.000,0.000,0.000,0.000,0.000000,0.000000,0.000000,0.000000,0.000000,0.000000,0.000000,0.000000,0.000000,0.000000,0.000000,0.000000,0.000000,0.000000,0.000000,0.000000,0.000000,0.000000,0.000000,0.000000,0.000000
0.771971,3.323,0.000,0.000,0.330,0.330,0.332,0.332,0.012,0.031,-0.044,0.036,0.009,0.003,-0.026,-0.035,0.000,0.000,0.000,0.000,0.000000,0.000000,0.000000,0.000000,0.000000,0.000000,0.000000,0.000000,0.000000,0.000000,0.000000,0.000000,0.000000,0.000000,0.000000,0.000000,0.000000,0.000000,0.000000,0.000000,0.000000
0.782271,3.323,0.000,0.000,0.330,0.330,0.332,0.332,0.012,0.031,-0.044,0.036,0.009,0.003,-0.026,-0.035,0.000,0.000,0.000,0.000,0.000000,0.000000,0.000000,0.000000,0.000000,0.000000,0.000000,0.000000,0.000000,0.000000,0.000000,0.000000,0.000000,0.000000,0.000000,0.000000,0.000000,0.000000,0.000000,0.000000,0.000000
0.792606,3.323,0.000,0.000,0.330,0.330,0.332,0.332,0.012,0.031,-0.044,0.036,0.009,0.002,-0.026,-0.032,0.000,0.000,0.000,0.000,0.000000,0.000000,0.000000,0.000000,0.000000,0.000000,0.000000,0.000000,0.000000,0.000000,0.000000,0.000000,0.000000,0.000000,0.000000,0.000000,0.000000,0.000000,0.000000,0.000000,0.000000
0.803035,3.988,0.000,0.000,0.330,0.330,0.332,0.332,0.012,0.031,-0.044,0.036,0.009,0.002,-0.026,-0.032,0.000,0.000,0.000,0.000,0.000000,0.000000,0.000000,0.000000,0.000000,0.000000,0.000000,0.000000,0.000000,0.000000,0.000000,0.000000,0.000000,0.000000,0.000000,0.000000,0.000000,0.000000,0.000000,0.000000,0.000000
0.813432,3.988,0.000,0.000,0.330,0.330,0.332,0.332,0.012,0.031,-0.044,0.036,0.009,0.002,-0.026,-0.032,0.000,0.000,0.000,0.000,0.000000,0.000000,0.000000,0.000000,0.000000,0.000000,0.000000,0.000000,0.000000,0.000000,0.000000,0.000000,0.000000,0.000000,0.000000,0.000000,0.000000,0.000000,0.000000,0.000000,0.000000
0.823834,3.988,0.000,0.000,0.330,0.330,0.332,0.332,0.012,0.031,-0.044,0.036,0.009,0.002,-0.026,-0.032,0.000,0.000,0.000,0.000,0.000000,0.000000,0.000000,0.000000,0.000000,0.000000,0.000000,0.000000,0.000000,0.000000,0.000000,0.000000,0.000000,0.000000,0.000000,0.000000,0.000000,0.000000,0.000000,0.000000,0.000000
0.834260,3.988,0.000,0.000,0.330,0.330,0.332,0.332,0.012,0.031,-0.044,0.036,0.009,0.002,-0.026,-0.032,0.000,0.000,0.000,0.000,0.000000,0.000000,0.000000,0.000000,0.000000,0.000000,0.000000,0.000000,0.000000,0.000000,0.000000,0.000000,0.000000,0.000000,0.000000,0.000000,0.000000,0.000000,0.000000,0.000000,0.000000
0.844581,3.988,0.000,0.000,0.330,0.324,0.328,0.327,0.012,0.031,-0.044,0.036,0.009,0.002,-0.026,-0.032,0.000,0.000,0.000,0.000,0.000000,0.000000,0.000000,0.000000,0.000000,0.000000,0.000000,0.000000,0.000000,0.000000,0.000000,0.000000,0.000000,0.000000,0.000000,0.000000,0.000000,0.000000,0.000000,0.000000,0.000000
0.854840,3.988,0.000,0.000,0.330,0.324,0.328,0.327,0.012,0.031,-0.044,0.036,0.009,0.002,-0.026,-0.032,0.000,0.000,0.000,0.000,0.000000,0.000000,0.000000,0.000000,0.000000,0.000000,0.000000,0.000000,0.000000,0.000000,0.000000,0.000000,0.000000,0.000000,0.000000,0.000000,0.000000,0.000000,0.000000,0.000000,0.000000
0.864985,3.988,0.000,0.000,0.330,0.324,0.328,0.327,0.012,0.031,-0.044,0.036,0.009,0.002,-0.026,-0.032,0.000,0.000,0.000,0.000,0.000000,0.000000,0.000000,0.000000,0.000000,0.000000,0.000000,0.000000,0.000000,0.000000,0.000000,0.000000,0.000000,0.000000,0.000000,0.000000,0.000000,0.000000,0.000000,0.000000,0.000000
0.875188,3.988,0.000,0.000,0.330,0.324,0.328,0.327,0.012,0.031,-0.044,0.036,0.009,0.002,-0.026,-0.032,0.000,0.000,0.000,0.000,0.000000,0.000000,0.000000,0.000000,0.000000,0.000000,0.000000,0.000000,0.000000,0.000000,0.000000,0.000000,0.000000,0.000000,0.000000,0.000000,0.000000,0.000000,0.000000,0.000000,0.000000
0.885504,3.988,0.000,0.000,0.330,0.324,0.328,0.327,0.012,0.033,-0.046,0.034,0.009,0.002,-0.026,-0.032,0.000,0.000,0.000,0.000,0.000000,0.000000,0.000000,0.000000,0.000000,0.000000,0.000000,0.000000,0.000000,0.000000,0.000000,0.000000,0.000000,0.000000,0.000000,0.000000,0.000000,0.000000,0.000000,0.000000,0.000000
0.895697,3.988,0.000,0.000,0.330,0.324,0.328,0.327,0.012,0.033,-0.046,0.034,0.009,0.002,-0.026,-0.032,0.000,0.000,0.000,0.000,0.000000,0.000000,0.000000,0.000000,0.000000,0.000000,0.000000,0.000000,0.000000,0.000000,0.000000,0.000000,0.000000,0.000000,0.000000,0.000000,0.000000,0.000000,0.000000,0.000000,0.000000
0.905855,3.988,0.000,0.000,0.330,0.324,0.328,0.327,0.012,0.033,-0.046,0.034,0.009,0.002,-0.026,-0.032,0.000,0.000,0.000,0.000,0.000000,0.000000,0.000000,0.000000,0.000000,0.000000,0.000000,0.000000,0.000000,0.000000,0.000000,0.000000,0.000000,0.000000,0.000000,0.000000,0.000000,0.000000,0.000000,0.000000,0.000000
0.916076,3.988,0.000,0.000,0.330,0.324,0.328,0.327,0.012,0.033,-0.046,0.034,0.009,0.002,-0.026,-0.032,0.000,0.000,0.000,0.000,0.000000,0.000000,0.000000,0.000000,0.000000,0.000000,0.000000,0.000000,0.000000,0.000000,0.000000,0.000000,0.000000,0.000000,0.000000,0.000000,0.000000,0.000000,0.000000,0.000000,0.000000
0.926492,3.988,0.000,0.000,0.330,0.324,0.328,0.327,0.012,0.033,-0.046,0.034,0.009,0.003,-0.025,-0.035,0.000,0.000,0.000,0.000,0.000000,0.000000,0.000000,0.000000,0.000000,0.000000,0.000000,0.000000,0.000000,0.000000,0.000000,0.000000,0.000000,0.000000,0.000000,0.000000,0.000000,0.000000,0.000000,0.000000,0.000000
0.936815,4.653,0.000,0.000,0.330,0.324,0.328,0.327,0.012,0.033,-0.046,0.034,0.009,0.003,-0.025,-0.035,0.000,0.000,0.000,0.000,0.000000,0.000000,0.000000,0.000000,0.000000,0.000000,0.000000,0.000000,0.000000,0.000000,0.000000,0.000000,0.000000,0.000000,0.000000,0.000000,0.000000,0.000000,0.000000,0.000000,0.000000
0.947223,4.653,0.000,0.000,0.330,0.324,0.328,0.327,0.012,0.033,-0.046,0.034,0.009,0.003,-0.025,-0.035,0.000,0.000,0.000,0.000,0.000000,0.000000,0.000000,0.000000,0.000000,0.000000,0.000000,0.000000,0.000000,0.000000,0.000000,0.000000,0.000000,0.000000,0.000000,0.000000,0.000000,0.000000,0.000000,0.000000,0.000000
0.957646,4.653,0.000,0.000,0.330,0.324,0.328,0.327,0.012,0.033,-0.046,0.034,0.009,0.003,-0.025,-0.035,0.000,0.000,0.000,0.000,0.000000,0.000000,0.000000,0.000000,0.000000,0.000000,0.000000,0.000000,0.000000,0.000000,0.000000,0.000000,0.000000,0.000000,0.000000,0.000000,0.000000,0.000000,0.000000,0.000000,0.000000
0.967960,4.653,0.000,0.000,0.330,0.324,0.328,0.327,0.012,0.033,-0.046,0.034,0.009,0.003,-0.025,-0.035,0.000,0.000,0.000,0.000,0.000000,0.000000,0.000000,0.000000,0.000000,0.000000,0.000000,0.000000,0.000000,0.000000,0.000000,0.000000,0.000000,0.000000,0.000000,0.000000,0.000000,0.000000,0.000000,0.000000,0.000000
0.978396,4.653,0.000,0.000,0.337,0.330,0.331,0.334,0.012,0.033,-0.046,0.034,0.009,0.003,-0.025,-0.035,0.000,0.000,0.000,0.000,0.000000,0.000000,0.000000,0.000000,0.000000,0.000000,0.000000,0.000000,0.000000,0.000000,0.000000,0.000000,0.000000,0.000000,0.000000,0.000000,0.000000,0.000000,0.000000,0.000000,0.000000
0.988799,4.653,0.000,0.000,0.337,0.330,0.331,0.334,0.012,0.033,-0.046,0.034,0.009,0.003,-0.025,-0.035,0.000,0.000,0.000,0.000,0.000000,0.000000,0.000000,0.000000,0.000000,0.000000,0.000000,0.000000,0.000000,0.000000,0.000000,0.000000,0.000000,0.000000,0.000000,0.000000,0.000000,0.000000,0.000000,0.000000,0.000000
0.999113,4.653,0.000,0.000,0.337,0.330,0.331,0.334,0.012,0.033,-0.046,0.034,0.009,0.003,-0.025,-0.035,0.000,0.000,0.000,0.000,0.000000,0.000000,0.000000,0.000000,0.000000,0.000000,0.000000,0.000000,0.000000,0.000000,0.000000,0.000000,0.000000,0.000000,0.000000,0.000000,0.000000,0.000000,0.000000,0.000000,0.000000
1.009490,4.653,0.000,0.000,0.337,0.330,0.331,0.334,0.012,0.033,-0.046,0.034,0.009,0.003,-0.025,-0.035,0.000,0.000,0.000,0.000,0.000000,0.000000,0.000000,0.000000,0.000000,0.000000,0.000000,0.000000,0.000000,0.000000,0.000000,0.000000,0.000000,0.000000,0.000000,0.000000,0.000000,0.000000,0.000000,0.000000,0.000000
1.019765,4.653,0.000,0.000,0.337,0.330,0.331,0.334,0.017,0.031,-0.044,0.036,0.009,0.003,-0.025,-0.035,0.000,0.000,0.000,0.000,0.000000,0.000000,0.000000,0.000000,0.000000,0.000000,0.000000,0.000000,0.000000,0.000000,0.000000,0.000000,0.000000,0.000000,0.000000,0.000000,0.000000,0.000000,0.000000,0.000000,0.000000
1.030055,4.653,0.000,0.000,0.337,0.330,0.331,0.334,0.017,0.031,-0.044,0.036,0.009,0.003,-0.025,-0.035,0.000,0.000,0.000,0.000,0.000000,0.000000,0.000000,0.000000,0.000000,0.000000,0.000000,0.000000,0.000000,0.000000,0.000000,0.000000,0.000000,0.000000,0.000000,0.000000,0.000000,0.000000,0.000000,0.000000,0.000000
1.040386,4.653,0.000,0.000,0.337,0.330,0.331,0.334,0.017,0.031,-0.044,0.036,0.009,0.003,-0.025,-0.035,0.000,0.000,0.000,0.000,0.000000,0.000000,0.000000,0.000000,0.000000,0.000000,0.000000,0.000000,0.000000,0.000000,0.000000,0.000000,0.000000,0.000000,0.000000,0.000000,0.000000,0.000000,0.000000,0.000000,0.000000
1.050664,4.653,0.000,0.000,0.337,0.330,0.331,0.334,0.017,0.031,-0.044,0.036,0.009,0.003,-0.025,-0.035,0.000,0.000,0.000,0.000,0.000000,0.000000,0.000000,0.000000,0.000000,0.000000,0.000000,0.000000,0.000000,0.000000,0.000000,0.000000,0.000000,0.000000,0.000000,0.000000,0.000000,0.000000,0.000000,0.000000,0.000000
1.061085,4.653,0.000,0.000,0.337,0.330,0.331,0.334,0.017,0.031,-0.044,0.036,0.009,0.002,-0.026,-0.028,0.000,0.000,0.000,0.000,0.000000,0.000000,0.000000,0.000000,0.000000,0.000000,0.000000,0.000000,0.000000,0.000000,0.000000,0.000000,0.000000,0.000000,0.000000,0.000000,0.000000,0.000000,0.000000,0.000000,0.000000
1.071530,5.000,0.000,0.000,0.337,0.330,0.331,0.334,0.017,0.031,-0.044,0.036,0.009,0.002,-0.026,-0.028,0.000,0.000,0.000,0.000,0.000000,0.000000,0.000000,0.000000,0.000000,0.000000,0.000000,0.000000,0.000000,0.000000,0.000000,0.000000,0.000000,0.000000,0.000000,0.000000,0.000000,0.000000,0.000000,0.000000,0.000000
1.081837,5.000,0.000,0.000,0.337,0.330,0.331,0.334,0.017,0.031,-0.044,0.036,0.009,0.002,-0.026,-0.028,0.000,0.000,0.000,0.000,0.000000,0.000000,0.000000,0.000000,0.000000,0.000000,0.000000,0.000000,0.000000,0.000000,0.000000,0.000000,0.000000,0.000000,0.000000,0.000000,0.000000,0.000000,0.000000,0.000000,0.000000
1.092087,5.000,0.000,0.000,0.337,0.330,0.331,0.334,0.017,0.031,-0.044,0.036,0.009,0.002,-0.026,-0.028,0.000,0.000,0.000,0.000,0.000000,0.000000,0.000000,0.000000,0.000000,0.000000,0.000000,0.000000,0.000000,0.000000,0.000000,0.000000,0.000000,0.000000,0.000000,0.000000,0.000000,0.000000,0.000000,0.000000,0.000000
1.102351,5.000,0.000,0.000,0.337,0.330,0.331,0.334,0.017,0.031,-0.044,0.036,0.009,0.002,-0.026,-0.028,0.000,0.000,0.000,0.000,0.000000,0.000000,0.000000,0.000000,0.000000,0.000000,0.000000,0.000000,0.000000,0.000000,0.000000,0.000000,0.000000,0.000000,0.000000,0.000000,0.000000,0.000000,0.000000,0.000000,0.000000
1.112572,5.000,0.000,0.000,0.320,0.327,0.332,0.332,0.017,0.031,-0.044,0.036,0.009,0.002,-0.026,-0.028,0.000,0.000,0.000,0.000,0.000000,0.000000,0.000000,0.000000,0.000000,0.000000,0.000000,0.000000,0.000000,0.000000,0.000000,0.000000,0.000000,0.000000,0.000000,0.000000,0.000000,0.000000,0.000000,0.000000,0.000000
1.122751,5.000,0.000,0.000,0.320,0.327,0.332,0.332,0.017,0.031,-0.044,0.036,0.009,0.002,-0.026,-0.028,0.000,0.000,0.000,0.000,0.000000,0.000000,0.000000,0.000000,0.000000,0.000000,0.000000,0.000000,0.000000,0.000000,0.000000,0.000000,0.000000,0.000000,0.000000,0.000000,0.000000,0.000000,0.000000,0.000000,0.000000
1.132930,5.000,0.000,0.000,0.320,0.327,0.332,0.332,0.017,0.031,-0.044,0.036,0.009,0.002,-0.026,-0.028,0.000,0.000,0.000,0.000,0.000000,0.000000,0.000000,0.000000,0.000000,0.000000,0.000000,0.000000,0.000000,0.000000,0.000000,0.000000,0.000000,0.000000,0.000000,0.000000,0.000000,0.000000,0.000000,0.000000,0.000000
1.143087,5.000,0.000,0.000,0.320,0.327,0.332,0.332,0.017,0.031,-0.044,0.036,0.009,0.002,-0.026,-0.028,0.000,0.000,0.000,0.000,0.000000,0.000000,0.000000,0.000000,0.000000,0.000000,0.000000,0.000000,0.000000,0.000000,0.000000,0.000000,0.000000,0.000000,0.000000,0.000000,0.000000,0.000000,0.000000,0.000000,0.000000
1.153294,5.000,0.000,0.000,0.320,0.327,0.332,0.332,0.020,0.030,-0.044,0.034,0.009,0.002,-0.026,-0.028,0.000,0.000,0.000,0.000,0.000000,0.000000,0.000000,0.000000,0.000000,0.000000,0.000000,0.000000,0.000000,0.000000,0.000000,0.000000,0.000000,0.000000,0.000000,0.000000,0.000000,0.000000,0.000000,0.000000,0.000000
1.163566,5.000,0.000,0.000,0.320,0.327,0.332,0.332,0.020,0.030,-0.044,0.034,0.009,0.002,-0.026,-0.028,0.000,0.000,0.000,0.000,0.000000,0.000000,0.000000,0.000000,0.000000,0.000000,0.000000,0.000000,0.000000,0.000000,0.000000,0.000000,0.000000,0.000000,0.000000,0.000000,0.000000,0.000000,0.000000,0.000000,0.000000
1.173771,5.000,0.000,0.000,0.320,0.327,0.332,0.332,0.020,0.030,-0.044,0.034,0.009,0.002,-0.026,-0.028,0.000,0.000,0.000,0.000,0.000000,0.000000,0.000000,0.000000,0.000000,0.000000,0.000000,0.000000,0.000000,0.000000,0.000000,0.000000,0.000000,0.000000,0.000000,0.000000,0.000000,0.000000,0.000000,0.000000,0.000000
1.183943,5.000,0.000,0.000,0.320,0.327,0.332,0.332,0.020,0.030,-0.044,0.034,0.009,0.002,-0.026,-0.028,0.000,0.000,0.000,0.000,0.000000,0.000000,0.000000,0.000000,0.000000,0.000000,0.000000,0.000000,0.000000,0.000000,0.000000,0.000000,0.000000,0.000000,0.000000,0.000000,0.000000,0.000000,0.000000,0.000000,0.000000
1.194114,5.000,0.000,0.000,0.320,0.327,0.332,0.332,0.020,0.030,-0.044,0.034,0.007,0.003,-0.025,-0.028,0.000,0.000,0.000,0.000,0.000000,0.000000,0.000000,0.000000,0.000000,0.000000,0.000000,0.000000,0.000000,0.000000,0.000000,0.000000,0.000000,0.000000,0.000000,0.000000,0.000000,0.000000,0.000000,0.000000,0.000000
1.204302,5.000,0.000,0.000,0.320,0.327,0.332,0.332,0.020,0.030,-0.044,0.034,0.007,0.003,-0.025,-0.028,0.000,0.000,0.000,0.000,0.000000,0.000000,0.000000,0.000000,0.000000,0.000000,0.000000,0.000000,0.000000,0.000000,0.000000,0.000000,0.000000,0.000000,0.000000,0.000000,0.000000,0.000000,0.000000,0.000000,0.000000
1.214462,5.000,0.000,0.000,0.320,0.327,0.332,0.332,0.020,0.030,-0.044,0.034,0.007,0.003,-0.025,-0.028,0.000,0.000,0.000,0.000,0.000000,0.000000,0.000000,0.000000,0.000000,0.000000,0.000000,0.000000,0.000000,0.000000,0.000000,0.000000,0.000000,0.000000,0.000000,0.000000,0.000000,0.000000,0.000000,0.000000,0.000000
1.224636,5.000,0.000,0.000,0.320,0.327,0.332,0.332,0.020,0.030,-0.044,0.034,0.007,0.003,-0.025,-0.028,0.000,0.000,0.000,0.000,0.000000,0.000000,0.000000,0.000000,0.000000,0.000000,0.000000,0.000000,0.000000,0.000000,0.000000,0.000000,0.000000,0.000000,0.000000,0.000000,0.000000,0.000000,0.000000,0.000000,0.000000
1.234787,5.000,0.000,0.000,0.320,0.327,0.332,0.332,0.020,0.030,-0.044,0.034,0.007,0.003,-0.025,-0.028,0.000,0.000,0.000,0.000,0.000000,0.000000,0.000000,0.000000,0.000000,0.000000,0.000000,0.000000,0.000000,0.000000,0.000000,0.000000,0.000000,0.000000,0.000000,0.000000,0.000000,0.000000,0.000000,0.000000,0.000000
1.244939,5.000,0.000,0.000,0.323,0.325,0.337,0.334,0.020,0.030,-0.044,0.034,0.007,0.003,-0.025,-0.028,0.000,0.000,0.000,0.000,0.000000,0.000000,0.000000,0.000000,0.000000,0.000000,0.000000,0.000000,0.000000,0.000000,0.000000,0.000000,0.000000,0.000000,0.000000,0.000000,0.000000,0.000000,0.000000,0.000000,0.000000
1.255077,5.000,0.000,0.000,0.323,0.325,0.337,0.334,0.020,0.030,-0.044,0.034,0.007,0.003,-0.025,-0.028,0.000,0.000,0.000,0.000,0.000000,0.000000,0.000000,0.000000,0.000000,0.000000,0.000000,0.000000,0.000000,0.000000,0.000000,0.000000,0.000000,0.000000,0.000000,0.000000,0.000000,0.000000,0.000000,0.000000,0.000000
1.265242,5.000,0.000,0.000,0.323,0.325,0.337,0.334,0.020,0.030,-0.044,0.034,0.007,0.003,-0.025,-0.028,0.000,0.000,0.000,0.000,0.000000,0.000000,0.000000,0.000000,0.000000,0.000000,0.000000,0.000000,0.000000,0.000000,0.000000,0.000000,0.000000,0.000000,0.000000,0.000000,0.000000,0.000000,0.000000,0.000000,0.000000
1.275404,5.000,0.000,0.000,0.323,0.325,0.337,0.334,0.020,0.030,-0.044,0.034,0.007,0.003,-0.025,-0.028,0.000,0.000,0.000,0.000,0.000000,0.000000,0.000000,0.000000,0.000000,0.000000,0.000000,0.000000,0.000000,0.000000,0.000000,0.000000,0.000000,0.000000,0.000000,0.000000,0.000000,0.000000,0.000000,0.000000,0.000000
1.285544,5.000,0.000,0.000,0.323,0.325,0.337,0.334,0.019,0.072,-0.028,0.045,0.007,0.003,-0.025,-0.028,0.000,0.000,0.000,0.000,0.000000,0.000000,0.000000,0.000000,0.000000,0.000000,0.000000,0.000000,0.000000,0.000000,0.000000,0.000000,0.000000,0.000000,0.000000,0.000000,0.000000,0.000000,0.000000,0.000000,0.000000
1.295709,5.000,0.000,0.000,0.323,0.325,0.337,0.334,0.019,0.072,-0.028,0.045,0.007,0.003,-0.025,-0.028,0.000,0.000,0.000,0.000,0.000000,0.000000,0.000000,0.000000,0.000000,0.000000,0.000000,0.000000,0.000000,0.000000,0.000000,0.000000,0.000000,0.000000,0.000000,0.000000,0.000000,0.000000,0.000000,0.000000,0.000000
1.305847,5.000,0.000,0.000,0.323,0.325,0.337,0.334,0.019,0.072,-0.028,0.045,0.007,0.003,-0.025,-0.028,0.000,0.000,0.000,0.000,0.000000,0.000000,0.000000,0.000000,0.000000,0.000000,0.000000,0.000000,0.000000,0.000000,0.000000,0.000000,0.000000,0.000000,0.000000,0.000000,0.000000,0.000000,0.000000,0.000000,0.000000
1.315992,5.000,0.000,0.000,0.323,0.325,0.337,0.334,0.019,0.072,-0.028,0.045,0.007,0.003,-0.025,-0.028,0.000,0.000,0.000,0.000,0.000000,0.000000,0.000000,0.000000,0.000000,0.000000,0.000000,0.000000,0.000000,0.000000,0.000000,0.000000,0.000000,0.000000,0.000000,0.000000,0.000000,0.000000,0.000000,0.000000,0.000000
1.326144,5.000,0.000,0.000,0.323,0.325,0.337,0.334,0.019,0.072,-0.028,0.045,0.017,0.002,-0.026,-0.032,0.000,0.000,0.000,0.000,0.000000,0.000000,0.000000,0.000000,0.000000,0.000000,0.000000,0.000000,0.000000,0.000000,0.000000,0.000000,0.000000,0.000000,0.000000,0.000000,0.000000,0.000000,0.000000,0.000000,0.000000
1.336315,5.000,0.000,0.000,0.323,0.325,0.337,0.334,0.019,0.072,-0.028,0.045,0.017,0.002,-0.026,-0.032,0.000,0.000,0.000,0.000,0.000000,0.000000,0.000000,0.000000,0.000000,0.000000,0.000000,0.000000,0.000000,0.000000,0.000000,0.000000,0.000000,0.000000,0.000000,0.000000,0.000000,0.000000,0.000000,0.000000,0.000000
1.346467,5.000,0.000,0.000,0.323,0.325,0.337,0.334,0.019,0.072,-0.028,0.045,0.017,0.002,-0.026,-0.032,0.000,0.000,0.000,0.000,0.000000,0.000000,0.000000,0.000000,0.000000,0.000000,0.000000,0.000000,0.000000,0.000000,0.000000,0.000000,0.000000,0.000000,0.000000,0.000000,0.000000,0.000000,0.000000,0.000000,0.000000
1.356624,5.000,0.000,0.000,0.323,0.325,0.337,0.334,0.019,0.072,-0.028,0.045,0.017,0.002,-0.026,-0.032,0.000,0.000,0.000,0.000,0.000000,0.000000,0.000000,0.000000,0.000000,0.000000,0.000000,0.000000,0.000000,0.000000,0.000000,0.000000,0.000000,0.000000,0.000000,0.000000,0.000000,0.000000,0.000000,0.000000,0.000000
1.366774,5.000,0.000,0.000,0.323,0.325,0.337,0.334,0.019,0.072,-0.028,0.045,0.017,0.002,-0.026,-0.032,0.000,0.000,0.000,0.000,0.000000,0.000000,0.000000,0.000000,0.000000,0.000000,0.000000,0.000000,0.000000,0.000000,0.000000,0.000000,0.000000,0.000000,0.000000,0.000000,0.000000,0.000000,0.000000,0.000000,0.000000
1.377071,5.000,0.000,0.000,0.324,0.328,0.332,0.331,0.019,0.072,-0.028,0.045,0.017,0.002,-0.026,-0.032,0.000,0.000,0.000,0.000,0.000000,0.000000,0.000000,0.000000,0.000000,0.000000,0.000000,0.000000,0.000000,0.000000,0.000000,0.000000,0.000000,0.000000,0.000000,0.000000,0.000000,0.000000,0.000000,0.000000,0.000000
1.387513,5.000,0.000,0.000,0.324,0.328,0.332,0.331,0.019,0.072,-0.028,0.045,0.017,0.002,-0.026,-0.032,0.000,0.000,0.000,0.000,0.000000,0.000000,0.000000,0.000000,0.000000,0.000000,0.000000,0.000000,0.000000,0.000000,0.000000,0.000000,0.000000,0.000000,0.000000,0.000000,0.000000,0.000000,0.000000,0.000000,0.000000
1.397967,5.000,0.000,0.000,0.324,0.328,0.332,0.331,0.019,0.072,-0.028,0.045,0.017,0.002,-0.026,-0.032,0.000,0.000,0.000,0.000,0.000000,0.000000,0.000000,0.000000,0.000000,0.000000,0.000000,0.000000,0.000000,0.000000,0.000000,0.000000,0.000000,0.000000,0.000000,0.000000,0.000000,0.000000,0.000000,0.000000,0.000000
1.408484,5.000,0.000,0.000,0.324,0.328,0.332,0.331,0.019,0.072,-0.028,0.045,0.017,0.002,-0.026,-0.032,0.000,0.000,0.000,0.000,0.000000,0.000000,0.000000,0.000000,0.000000,0.000000,0.000000,0.000000,0.000000,0.000000,0.000000,0.000000,0.000000,0.000000,0.000000,0.000000,0.000000,0.000000,0.000000,0.000000,0.000000
1.418818,5.000,0.000,0.000,0.324,0.328,0.332,0.331,0.030,0.138,0.019,0.071,0.017,0.002,-0.026,-0.032,0.000,0.000,0.000,0.000,0.000000,0.000000,0.000000,0.000000,0.000000,0.000000,0.000000,0.000000,0.000000,0.000000,0.000000,0.000000,0.000000,0.000000,0.000000,0.000000,0.000000,0.000000,0.000000,0.000000,0.000000
1.429039,5.000,0.000,0.000,0.324,0.328,0.332,0.331,0.030,0.138,0.019,0.071,0.017,0.002,-0.026,-0.032,0.000,0.000,0.000,0.000,0.000000,0.000000,0.000000,0.000000,0.000000,0.000000,0.000000,0.000000,0.000000,0.000000,0.000000,0.000000,0.000000,0.000000,0.000000,0.000000,0.000000,0.000000,0.000000,0.000000,0.000000
1.439410,5.000,0.000,0.000,0.324,0.328,0.332,0.331,0.030,0.138,0.019,0.071,0.017,0.002,-0.026,-0.032,0.000,0.000,0.000,0.000,0.000000,0.000000,0.000000,0.000000,0.000000,0.000000,0.000000,0.000000,0.000000,0.000000,0.000000,0.000000,0.000000,0.000000,0.000000,0.000000,0.000000,0.000000,0.000000,0.000000,0.000000
1.449778,5.000,0.000,0.000,0.324,0.328,0.332,0.331,0.030,0.138,0.019,0.071,0.017,0.002,-0.026,-0.032,0.000,0.000,0.000,0.000,0.000000,0.000000,0.000000,0.000000,0.000000,0.000000,0.000000,0.000000,0.000000,0.000000,0.000000,0.000000,0.000000,0.000000,0.000000,0.000000,0.000000,0.000000,0.000000,0.000000,0.000000
1.460065,5.000,0.000,0.000,0.324,0.328,0.332,0.331,0.030,0.138,0.019,0.071,0.036,0.022,-0.025,-0.035,0.000,0.000,0.000,0.000,0.000000,0.000000,0.000000,0.000000,0.000000,0.000000,0.000000,0.000000,0.000000,0.000000,0.000000,0.000000,0.000000,0.000000,0.000000,0.000000,0.000000,0.000000,0.000000,0.000000,0.000000
1.470492,5.000,0.000,0.000,0.324,0.328,0.332,0.331,0.030,0.138,0.019,0.071,0.036,0.022,-0.025,-0.035,0.000,0.000,0.000,0.000,0.000000,0.000000,0.000000,0.000000,0.000000,0.000000,0.000000,0.000000,0.000000,0.000000,0.000000,0.000000,0.000000,0.000000,0.000000,0.000000,0.000000,0.000000,0.000000,0.000000,0.000000
1.480892,5.000,0.000,0.000,0.324,0.328,0.332,0.331,0.030,0.138,0.019,0.071,0.036,0.022,-0.025,-0.035,0.000,0.000,0.000,0.000,0.000000,0.000000,0.000000,0.000000,0.000000,0.000000,0.000000,0.000000,0.000000,0.000000,0.000000,0.000000,0.000000,0.000000,0.000000,0.000000,0.000000,0.000000,0.000000,0.000000,0.000000
1.491295,5.000,0.000,0.000,0.324,0.328,0.332,0.331,0.030,0.138,0.019,0.071,0.036,0.022,-0.025,-0.035,0.000,0.000,0.000,0.000,0.000000,0.000000,0.000000,0.000000,0.000000,0.000000,0.000000,0.000000,0.000000,0.000000,0.000000,0.000000,0.000000,0.000000,0.000000,0.000000,0.000000,0.000000,0.000000,0.000000,0.000000
1.501851,5.000,0.000,0.000,0.324,0.328,0.332,0.331,0.030,0.138,0.019,0.071,0.036,0.022,-0.025,-0.035,0.000,0.000,0.000,0.000,0.000000,0.000000,0.000000,0.000000,0.000000,0.000000,0.000000,0.000000,0.000000,0.000000,0.000000,0.000000,0.000000,0.000000,0.000000,0.000000,0.000000,0.000000,0.000000,0.000000,0.000000
1.512239,5.000,0.000,0.000,0.323,0.330,0.337,0.331,0.030,0.138,0.019,0.071,0.036,0.022,-0.025,-0.035,0.000,0.000,0.000,0.000,0.000000,0.000000,0.000000,0.000000,0.000000,0.000000,0.000000,0.000000,0.000000,0.000000,0.000000,0.000000,0.000000,0.000000,0.000000,0.000000,0.000000,0.000000,0.000000,0.000000,0.000000
1.522789,5.000,0.000,0.000,0.323,0.330,0.337,0.331,0.030,0.138,0.019,0.071,0.036,0.022,-0.025,-0.035,0.000,0.000,0.000,0.000,0.000000,0.000000,0.000000,0.000000,0.000000,0.000000,0.000000,0.000000,0.000000,0.000000,0.000000,0.000000,0.000000,0.000000,0.000000,0.000000,0.000000,0.000000,0.000000,0.000000,0.000000
1.533192,5.000,0.000,0.000,0.323,0.330,0.337,0.331,0.030,0.138,0.019,0.071,0.036,0.022,-0.025,-0.035,0.000,0.000,0.000,0.000,0.000000,0.000000,0.000000,0.000000,0.000000,0.000000,0.000000,0.000000,0.000000,0.000000,0.000000,0.000000,0.000000,0.000000,0.000000,0.000000,0.000000,0.000000,0.000000,0.000000,0.000000
1.543620,5.000,0.000,0.000,0.323,0.330,0.337,0.331,0.030,0.138,0.019,0.071,0.036,0.022,-0.025,-0.035,0.000,0.000,0.000,0.000,0.000000,0.000000,0.000000,0.000000,0.000000,0.000000,0.000000,0.000000,0.000000,0.000000,0.000000,0.000000,0.000000,0.000000,0.000000,0.000000,0.000000,0.000000,0.000000,0.000000,0.000000
1.554029,5.000,0.000,0.000,0.323,0.330,0.337,0.331,0.064,0.231,0.072,0.098,0.036,0.022,-0.025,-0.035,0.000,0.000,0.000,0.000,0.000000,0.000000,0.000000,0.000000,0.000000,0.000000,0.000000,0.000000,0.000000,0.000000,0.000000,0.000000,0.000000,0.000000,0.000000,0.000000,0.000000,0.000000,0.000000,0.000000,0.000000
1.564348,5.000,0.000,0.000,0.323,0.330,0.337,0.331,0.064,0.231,0.072,0.098,0.036,0.022,-0.025,-0.035,0.000,0.000,0.000,0.000,0.000000,0.000000,0.000000,0.000000,0.000000,0.000000,0.000000,0.000000,0.000000,0.000000,0.000000,0.000000,0.000000,0.000000,0.000000,0.000000,0.000000,0.000000,0.000000,0.000000,0.000000
1.574587,5.000,0.000,0.000,0.323,0.330,0.337,0.331,0.064,0.231,0.072,0.098,0.036,0.022,-0.025,-0.035,0.000,0.000,0.000,0.000,0.000000,0.000000,0.000000,0.000000,0.000000,0.000000,0.000000,0.000000,0.000000,0.000000,0.000000,0.000000,0.000000,0.000000,0.000000,0.000000,0.000000,0.000000,0.000000,0.000000,0.000000
1.584759,5.000,0.000,0.000,0.323,0.330,0.337,0.331,0.064,0.231,0.072,0.098,0.036,0.022,-0.025,-0.035,0.000,0.000,0.000,0.000,0.000000,0.000000,0.000000,0.000000,0.000000,0.000000,0.000000,0.000000,0.000000,0.000000,0.000000,0.000000,0.000000,0.000000,0.000000,0.000000,0.000000,0.000000,0.000000,0.000000,0.000000
1.594961,5.000,0.000,0.000,0.323,0.330,0.337,0.331,0.064,0.231,0.072,0.098,0.062,0.041,-0.026,-0.033,0.000,0.000,0.000,0.000,0.000000,0.000000,0.000000,0.000000,0.000000,0.000000,0.000000,0.000000,0.000000,0.000000,0.000000,0.000000,0.000000,0.000000,0.000000,0.000000,0.000000,0.000000,0.000000,0.000000,0.000000
1.605351,5.000,0.000,0.000,0.323,0.330,0.337,0.331,0.064,0.231,0.072,0.098,0.062,0.041,-0.026,-0.033,0.000,0.000,0.000,0.000,0.000000,0.000000,0.000000,0.000000,0.000000,0.000000,0.000000,0.000000,0.000000,0.000000,0.000000,0.000000,0.000000,0.000000,0.000000,0.000000,0.000000,0.000000,0.000000,0.000000,0.000000
1.615733,5.000,0.000,0.000,0.323,0.330,0.337,0.331,0.064,0.231,0.072,0.098,0.062,0.041,-0.026,-0.033,0.000,0.000,0.000,0.000,0.000000,0.000000,0.000000,0.000000,0.000000,0.000000,0.000000,0.000000,0.000000,0.000000,0.000000,0.000000,0.000000,0.000000,0.000000,0.000000,0.000000,0.000000,0.000000,0.000000,0.000000
1.626146,5.000,0.000,0.000,0.323,0.330,0.337,0.331,0.064,0.231,0.072,0.098,0.062,0.041,-0.026,-0.033,0.000,0.000,0.000,0.000,0.000000,0.000000,0.000000,0.000000,0.000000,0.000000,0.000000,0.000000,0.000000,0.000000,0.000000,0.000000,0.000000,0.000000,0.000000,0.000000,0.000000,0.000000,0.000000,0.000000,0.000000
1.636556,5.000,0.000,0.000,0.323,0.330,0.337,0.331,0.064,0.231,0.072,0.098,0.062,0.041,-0.026,-0.033,0.000,0.000,0.000,0.000,0.000000,0.000000,0.000000,0.000000,0.000000,0.000000,0.000000,0.000000,0.000000,0.000000,0.000000,0.000000,0.000000,0.000000,0.000000,0.000000,0.000000,0.000000,0.000000,0.000000,0.000000
1.646946,5.000,0.000,0.000,0.328,0.327,0.338,0.328,0.064,0.231,0.072,0.098,0.062,0.041,-0.026,-0.033,0.000,0.000,0.000,0.000,0.000000,0.000000,0.000000,0.000000,0.000000,0.000000,0.000000,0.000000,0.000000,0.000000,0.000000,0.000000,0.000000,0.000000,0.000000,0.000000,0.000000,0.000000,0.000000,0.000000,0.000000
1.657375,5.000,0.000,0.000,0.328,0.327,0.338,0.328,0.064,0.231,0.072,0.098,0.062,0.041,-0.026,-0.033,0.000,0.000,0.000,0.000,0.000000,0.000000,0.000000,0.000000,0.000000,0.000000,0.000000,0.000000,0.000000,0.000000,0.000000,0.000000,0.000000,0.000000,0.000000,0.000000,0.000000,0.000000,0.000000,0.000000,0.000000
1.667778,5.000,0.000,0.000,0.328,0.327,0.338,0.328,0.064,0.231,0.072,0.098,0.062,0.041,-0.026,-0.033,0.000,0.000,0.000,0.000,0.000000,0.000000,0.000000,0.000000,0.000000,0.000000,0.000000,0.000000,0.000000,0.000000,0.000000,0.000000,0.000000,0.000000,0.000000,0.000000,0.000000,0.000000,0.000000,0.000000,0.000000
1.678162,5.000,0.000,0.000,0.328,0.327,0.338,0.328,0.064,0.231,0.072,0.098,0.062,0.041,-0.026,-0.033,0.000,0.000,0.000,0.000,0.000000,0.000000,0.000000,0.000000,0.000000,0.000000,0.000000,0.000000,0.000000,0.000000,0.000000,0.000000,0.000000,0.000000,0.000000,0.000000,0.000000,0.000000,0.000000,0.000000,0.000000
1.688479,5.000,0.000,0.000,0.328,0.327,0.338,0.328,0.100,0.334,0.147,0.134,0.062,0.041,-0.026,-0.033,0.000,0.000,0.000,0.000,0.000000,0.000000,0.000000,0.000000,0.000000,0.000000,0.000000,0.000000,0.000000,0.000000,0.000000,0.000000,0.000000,0.000000,0.000000,0.000000,0.000000,0.000000,0.000000,0.000000,0.000000
1.698801,5.000,0.000,0.000,0.328,0.327,0.338,0.328,0.100,0.334,0.147,0.134,0.062,0.041,-0.026,-0.033,0.000,0.000,0.000,0.000,0.000000,0.000000,0.000000,0.000000,0.000000,0.000000,0.000000,0.000000,0.000000,0.000000,0.000000,0.000000,0.000000,0.000000,0.000000,0.000000,0.000000,0.000000,0.000000,0.000000,0.000000
1.709175,5.000,0.000,0.000,0.328,0.327,0.338,0.328,0.100,0.334,0.147,0.134,0.062,0.041,-0.026,-0.033,0.000,0.000,0.000,0.000,0.000000,0.000000,0.000000,0.000000,0.000000,0.000000,0.000000,0.000000,0.000000,0.000000,0.000000,0.000000,0.000000,0.000000,0.000000,0.000000,0.000000,0.000000,0.000000,0.000000,0.000000
1.719602,5.000,0.000,0.000,0.328,0.327,0.338,0.328,0.100,0.334,0.147,0.134,0.062,0.041,-0.026,-0.033,0.000,0.000,0.000,0.000,0.000000,0.000000,0.000000,0.000000,0.000000,0.000000,0.000000,0.000000,0.000000,0.000000,0.000000,0.000000,0.000000,0.000000,0.000000,0.000000,0.000000,0.000000,0.000000,0.000000,0.000000
1.729894,5.000,0.000,0.000,0.328,0.327,0.338,0.328,0.100,0.334,0.147,0.134,0.099,0.075,-0.025,-0.035,0.000,0.000,0.000,0.000,0.000000,0.000000,0.000000,0.000000,0.000000,0.000000,0.000000,0.000000,0.000000,0.000000,0.000000,0.000000,0.000000,0.000000,0.000000,0.000000,0.000000,0.000000,0.000000,0.000000,0.000000
1.740147,5.000,0.000,0.000,0.328,0.327,0.338,0.328,0.100,0.334,0.147,0.134,0.099,0.075,-0.025,-0.035,0.000,0.000,0.000,0.000,0.000000,0.000000,0.000000,0.000000,0.000000,0.000000,0.000000,0.000000,0.000000,0.000000,0.000000,0.000000,0.000000,0.000000,0.000000,0.000000,0.000000,0.000000,0.000000,0.000000,0.000000
1.750348,5.000,0.000,0.000,0.328,0.327,0.338,0.328,0.100,0.334,0.147,0.134,0.099,0.075,-0.025,-0.035,0.000,0.000,0.000,0.000,0.000000,0.000000,0.000000,0.000000,0.000000,0.000000,0.000000,0.000000,0.000000,0.000000,0.000000,0.000000,0.000000,0.000000,0.000000,0.000000,0.000000,0.000000,0.000000,0.000000,0.000000
1.760486,5.000,0.000,0.000,0.328,0.327,0.338,0.328,0.100,0.334,0.147,0.134,0.099,0.075,-0.025,-0.035,0.000,0.000,0.000,0.000,0.000000,0.000000,0.000000,0.000000,0.000000,0.000000,0.000000,0.000000,0.000000,0.000000,0.000000,0.000000,0.000000,0.000000,0.000000,0.000000,0.000000,0.000000,0.000000,0.000000,0.000000
1.770627,5.000,0.000,0.000,0.328,0.327,0.338,0.328,0.100,0.334,0.147,0.134,0.099,0.075,-0.025,-0.035,0.000,0.000,0.000,0.000,0.000000,0.000000,0.000000,0.000000,0.000000,0.000000,0.000000,0.000000,0.000000,0.000000,0.000000,0.000000,0.000000,0.000000,0.000000,0.000000,0.000000,0.000000,0.000000,0.000000,0.000000
1.780793,5.000,0.000,0.000,0.321,0.325,0.332,0.331,0.100,0.334,0.147,0.134,0.099,0.075,-0.025,-0.035,0.000,0.000,0.000,0.000,0.000000,0.000000,0.000000,0.000000,0.000000,0.000000,0.000000,0.000000,0.000000,0.000000,0.000000,0.000000,0.000000,0.000000,0.000000,0.000000,0.000000,0.000000,0.000000,0.000000,0.000000
1.790955,5.000,0.000,0.000,0.321,0.325,0.332,0.331,0.100,0.334,0.147,0.134,0.099,0.075,-0.025,-0.035,0.000,0.000,0.000,0.000,0.000000,0.000000,0.000000,0.000000,0.000000,0.000000,0.000000,0.000000,0.000000,0.000000,0.000000,0.000000,0.000000,0.000000,0.000000,0.000000,0.000000,0.000000,0.000000,0.000000,0.000000
1.801120,5.000,0.000,0.000,0.321,0.325,0.332,0.331,0.100,0.334,0.147,0.134,0.099,0.075,-0.025,-0.035,0.000,0.000,0.000,0.000,0.000000,0.000000,0.000000,0.000000,0.000000,0.000000,0.000000,0.000000,0.000000,0.000000,0.000000,0.000000,0.000000,0.000000,0.000000,0.000000,0.000000,0.000000,0.000000,0.000000,0.000000
1.811415,5.000,0.000,0.000,0.321,0.325,0.332,0.331,0.100,0.334,0.147,0.134,0.099,0.075,-0.025,-0.035,0.000,0.000,0.000,0.000,0.000000,0.000000,0.000000,0.000000,0.000000,0.000000,0.000000,0.000000,0.000000,0.000000,0.000000,0.000000,0.000000,0.000000,0.000000,0.000000,0.000000,0.000000,0.000000,0.000000,0.000000
1.821659,5.000,0.000,0.000,0.321,0.325,0.332,0.331,0.152,0.453,0.226,0.186,0.099,0.075,-0.025,-0.035,0.000,0.000,0.000,0.000,0.000000,0.000000,0.000000,0.000000,0.000000,0.000000,0.000000,0.000000,0.000000,0.000000,0.000000,0.000000,0.000000,0.000000,0.000000,0.000000,0.000000,0.000000,0.000000,0.000000,0.000000
1.831896,5.000,0.000,0.000,0.321,0.325,0.332,0.331,0.152,0.453,0.226,0.186,0.099,0.075,-0.025,-0.035,0.000,0.000,0.000,0.000,0.000000,0.000000,0.000000,0.000000,0.000000,0.000000,0.000000,0.000000,0.000000,0.000000,0.000000,0.000000,0.000000,0.000000,0.000000,0.000000,0.000000,0.000000,0.000000,0.000000,0.000000
1.842093,5.000,0.000,0.000,0.321,0.325,0.332,0.331,0.152,0.453,0.226,0.186,0.099,0.075,-0.025,-0.035,0.000,0.000,0.000,0.000,0.000000,0.000000,0.000000,0.000000,0.000000,0.000000,0.000000,0.000000,0.000000,0.000000,0.000000,0.000000,0.000000,0.000000,0.000000,0.000000,0.000000,0.000000,0.000000,0.000000,0.000000
1.852271,5.000,0.000,0.000,0.321,0.325,0.332,0.331,0.152,0.453,0.226,0.186,0.099,0.075,-0.025,-0.035,0.000,0.000,0.000,0.000,0.000000,0.000000,0.000000,0.000000,0.000000,0.000000,0.000000,0.000000,0.000000,0.000000,0.000000,0.000000,0.000000,0.000000,0.000000,0.000000,0.000000,0.000000,0.000000,0.000000,0.000000
1.862444,5.000,0.000,0.000,0.321,0.325,0.332,0.331,0.152,0.453,0.226,0.186,0.142,0.112,-0.026,-0.033,0.000,0.000,0.000,0.000,0.000000,0.000000,0.000000,0.000000,0.000000,0.000000,0.000000,0.000000,0.000000,0.000000,0.000000,0.000000,0.000000,0.000000,0.000000,0.000000,0.000000,0.000000,0.000000,0.000000,0.000000
1.872671,5.000,0.000,0.000,0.321,0.325,0.332,0.331,0.152,0.453,0.226,0.186,0.142,0.112,-0.026,-0.033,0.000,0.000,0.000,0.000,0.000000,0.000000,0.000000,0.000000,0.000000,0.000000,0.000000,0.000000,0.000000,0.000000,0.000000,0.000000,0.000000,0.000000,0.000000,0.000000,0.000000,0.000000,0.000000,0.000000,0.000000
1.882850,5.000,0.000,0.000,0.321,0.325,0.332,0.331,0.152,0.453,0.226,0.186,0.142,0.112,-0.026,-0.033,0.000,0.000,0.000,0.000,0.000000,0.000000,0.000000,0.000000,0.000000,0.000000,0.000000,0.000000,0.000000,0.000000,0.000000,0.000000,0.000000,0.000000,0.000000,0.000000,0.000000,0.000000,0.000000,0.000000,0.000000
1.893001,5.000,0.000,0.000,0.321,0.325,0.332,0.331,0.152,0.453,0.226,0.186,0.142,0.112,-0.026,-0.033,0.000,0.000,0.000,0.000,0.000000,0.000000,0.000000,0.000000,0.000000,0.000000,0.000000,0.000000,0.000000,0.000000,0.000000,0.000000,0.000000,0.000000,0.000000,0.000000,0.000000,0.000000,0.000000,0.000000,0.000000
1.903156,5.000,0.000,0.000,0.321,0.325,0.332,0.331,0.152,0.453,0.226,0.186,0.142,0.112,-0.026,-0.033,0.000,0.000,0.000,0.000,0.000000,0.000000,0.000000,0.000000,0.000000,0.000000,0.000000,0.000000,0.000000,0.000000,0.000000,0.000000,0.000000,0.000000,0.000000,0.000000,0.000000,0.000000,0.000000,0.000000,0.000000
1.913304,5.000,0.000,0.000,0.325,0.330,0.331,0.327,0.152,0.453,0.226,0.186,0.142,0.112,-0.026,-0.033,0.000,0.000,0.000,0.000,0.000000,0.000000,0.000000,0.000000,0.000000,0.000000,0.000000,0.000000,0.000000,0.000000,0.000000,0.000000,0.000000,0.000000,0.000000,0.000000,0.000000,0.000000,0.000000,0.000000,0.000000
1.923453,5.000,0.000,0.000,0.325,0.330,0.331,0.327,0.152,0.453,0.226,0.186,0.142,0.112,-0.026,-0.033,0.000,0.000,0.000,0.000,0.000000,0.000000,0.000000,0.000000,0.000000,0.000000,0.000000,0.000000,0.000000,0.000000,0.000000,0.000000,0.000000,0.000000,0.000000,0.000000,0.000000,0.000000,0.000000,0.000000,0.000000
1.933604,5.000,0.000,0.000,0.325,0.330,0.331,0.327,0.152,0.453,0.226,0.186,0.142,0.112,-0.026,-0.033,0.000,0.000,0.000,0.000,0.000000,0.000000,0.000000,0.000000,0.000000,0.000000,0.000000,0.000000,0.000000,0.000000,0.000000,0.000000,0.000000,0.000000,0.000000,0.000000,0.000000,0.000000,0.000000,0.000000,0.000000
1.943728,5.000,0.000,0.000,0.325,0.330,0.331,0.327,0.152,0.453,0.226,0.186,0.142,0.112,-0.026,-0.033,0.000,0.000,0.000,0.000,0.000000,0.000000,0.000000,0.000000,0.000000,0.000000,0.000000,0.000000,0.000000,0.000000,0.000000,0.000000,0.000000,0.000000,0.000000,0.000000,0.000000,0.000000,0.000000,0.000000,0.000000
1.953880,5.000,0.000,0.000,0.325,0.330,0.331,0.327,0.218,0.587,0.327,0.249,0.142,0.112,-0.026,-0.033,0.000,0.000,0.000,0.000,0.000000,0.000000,0.000000,0.000000,0.000000,0.000000,0.000000,0.000000,0.000000,0.000000,0.000000,0.000000,0.000000,0.000000,0.000000,0.000000,0.000000,0.000000,0.000000,0.000000,0.000000
1.964090,5.000,0.000,0.000,0.325,0.330,0.331,0.327,0.218,0.587,0.327,0.249,0.142,0.112,-0.026,-0.033,0.000,0.000,0.000,0.000,0.000000,0.000000,0.000000,0.000000,0.000000,0.000000,0.000000,0.000000,0.000000,0.000000,0.000000,0.000000,0.000000,0.000000,0.000000,0.000000,0.000000,0.000000,0.000000,0.000000,0.000000
1.974253,5.000,0.000,0.000,0.325,0.330,0.331,0.327,0.218,0.587,0.327,0.249,0.142,0.112,-0.026,-0.033,0.000,0.000,0.000,0.000,0.000000,0.000000,0.000000,0.000000,0.000000,0.000000,0.000000,0.000000,0.000000,0.000000,0.000000,0.000000,0.000000,0.000000,0.000000,0.000000,0.000000,0.000000,0.000000,0.000000,0.000000
1.984355,5.000,0.000,0.000,0.325,0.330,0.331,0.327,0.218,0.587,0.327,0.249,0.142,0.112,-0.026,-0.033,0.000,0.000,0.000,0.000,0.000000,0.000000,0.000000,0.000000,0.000000,0.000000,0.000000,0.000000,0.000000,0.000000,0.000000,0.000000,0.000000,0.000000,0.000000,0.000000,0.000000,0.000000,0.000000,0.000000,0.000000
1.994490,5.000,0.000,0.000,0.325,0.330,0.331,0.327,0.218,0.587,0.327,0.249,0.192,0.162,-0.025,-0.035,0.000,0.000,0.000,0.000,0.000000,0.000000,0.000000,0.000000,0.000000,0.000000,0.000000,0.000000,0.000000,0.000000,0.000000,0.000000,0.000000,0.000000,0.000000,0.000000,0.000000,0.000000,0.000000,0.000000,0.000000
2.004671,5.000,0.000,0.000,0.325,0.330,0.331,0.327,0.218,0.587,0.327,0.249,0.192,0.162,-0.025,-0.035,0.000,0.000,0.000,0.000,0.000000,0.000000,0.000000,0.000000,0.000000,0.000000,0.000000,0.000000,0.000000,0.000000,0.000000,0.000000,0.000000,0.000000,0.000000,0.000000,0.000000,0.000000,0.000000,0.000000,0.000000
2.014823,5.000,0.000,0.000,0.325,0.330,0.331,0.327,0.218,0.587,0.327,0.249,0.192,0.162,-0.025,-0.035,0.000,0.000,0.000,0.000,0.000000,0.000000,0.000000,0.000000,0.000000,0.000000,0.000000,0.000000,0.000000,0.000000,0.000000,0.000000,0.000000,0.000000,0.000000,0.000000,0.000000,0.000000,0.000000,0.000000,0.000000
2.024999,5.000,0.000,0.000,0.325,0.330,0.331,0.327,0.218,0.587,0.327,0.249,0.192,0.162,-0.025,-0.035,0.000,0.000,0.000,0.000,0.000000,0.000000,0.000000,0.000000,0.000000,0.000000,0.000000,0.000000,0.000000,0.000000,0.000000,0.000000,0.000000,0.000000,0.000000,0.000000,0.000000,0.000000,0.000000,0.000000,0.000000
2.035167,5.000,0.000,0.000,0.325,0.330,0.331,0.327,0.218,0.587,0.327,0.249,0.192,0.162,-0.025,-0.035,0.000,0.000,0.000,0.000,0.000000,0.000000,0.000000,0.000000,0.000000,0.000000,0.000000,0.000000,0.000000,0.000000,0.000000,0.000000,0.000000,0.000000,0.000000,0.000000,0.000000,0.000000,0.000000,0.000000,0.000000
2.045325,5.000,0.000,0.000,0.320,0.331,0.337,0.325,0.218,0.587,0.327,0.249,0.192,0.162,-0.025,-0.035,0.000,0.000,0.000,0.000,0.000000,0.000000,0.000000,0.000000,0.000000,0.000000,0.000000,0.000000,0.000000,0.000000,0.000000,0.000000,0.000000,0.000000,0.000000,0.000000,0.000000,0.000000,0.000000,0.000000,0.000000
